{"chunk_definitions":[{"row":26,"row_count":1,"visible":true,"expansion_state":0,"options":{"engine":"r","label":"chunk_setup","include":false},"document_id":"DB4F46D4","chunk_id":"c1muyuhzy02pu","chunk_label":"chunk_setup"},{"row":30,"row_count":1,"visible":true,"expansion_state":0,"options":{"engine":"r","label":"options_setup","echo":false},"document_id":"DB4F46D4","chunk_id":"cnug3dvz0zr82","chunk_label":"options_setup"},{"row":39,"row_count":1,"visible":true,"expansion_state":0,"options":{"engine":"r","label":"cargamos_pkgs","eval":true},"document_id":"DB4F46D4","chunk_id":"cd0bu5ow927d0","chunk_label":"cargamos_pkgs"},{"row":70,"row_count":1,"visible":true,"expansion_state":0,"options":{"engine":"r","label":"unnamed-chunk-15"},"document_id":"DB4F46D4","chunk_id":"cz79rv9u9o088","chunk_label":"unnamed-chunk-3"}],"doc_write_time":1607372113}